id,first_name,last_name,email,gender,ip_address
1,Nalani,Fright,nfright0@bluehost.com,Female,222.209.180.30
2,Janice,Herries,jherries1@free.fr,Female,203.103.2.158
3,Hedvige,Whiley,hwhiley2@tinyurl.com,Female,116.123.53.157
4,Guilbert,Hindmoor,ghindmoor3@histats.com,Genderqueer,29.224.117.111
5,Ashby,Mitton,amitton4@skyrock.com,Male,224.203.150.222
6,Hernando,Bewlay,hbewlay5@uiuc.edu,Male,107.193.207.179
7,Jay,Hayter,jhayter6@dot.gov,Male,200.227.22.53
8,Calvin,Vaudin,cvaudin7@oracle.com,Male,9.15.105.104
9,Neille,Schulke,nschulke8@xinhuanet.com,Female,93.74.41.235
10,Alison,Towsey,atowsey9@drupal.org,Female,155.249.181.127
11,Sancho,Krauss,skraussa@yellowbook.com,Male,237.155.160.136
12,Garvin,Rickasse,grickasseb@histats.com,Male,162.81.121.206
13,Jodie,Paulley,jpaulleyc@bbc.co.uk,Male,100.75.26.108
14,Zacherie,Matitiaho,zmatitiahod@wisc.edu,Male,91.161.12.132
15,Melloney,Filippyev,mfilippyeve@japanpost.jp,Polygender,171.15.141.112
16,Carlota,Passey,cpasseyf@google.ru,Female,37.194.139.197
17,Bamby,Pidgeley,bpidgeleyg@i2i.jp,Female,199.152.213.197
18,Isidoro,Mahomet,imahometh@clickbank.net,Male,188.122.20.169
19,Brnaby,Theuss,btheussi@cyberchimps.com,Genderfluid,146.201.134.13
20,Joel,Blenkinship,jblenkinshipj@stanford.edu,Male,195.222.56.188
21,Eve,Colley,ecolleyk@mysql.com,Female,63.111.184.110
22,Hurleigh,McCathie,hmccathiel@sun.com,Male,0.148.149.91
23,Crysta,Setterthwait,csetterthwaitm@utexas.edu,Female,69.95.229.28
24,Adi,Blizard,ablizardn@flickr.com,Female,209.214.52.92
25,Winnie,Milbank,wmilbanko@yandex.ru,Male,39.82.120.73
26,Ermin,Natalie,enataliep@biglobe.ne.jp,Male,216.20.40.25
27,Dolph,De Filippis,ddefilippisq@reuters.com,Male,226.243.228.51
28,Roshelle,Courtenay,rcourtenayr@google.it,Genderqueer,232.17.198.103
29,Zacharia,Cullinan,zcullinans@samsung.com,Male,7.55.208.205
30,Sherlock,Zelland,szellandt@moonfruit.com,Male,238.36.88.45
31,Carena,Kinnin,ckinninu@icq.com,Female,148.149.41.11
32,Maurizio,Paynter,mpaynterv@adobe.com,Male,27.204.84.66
33,Jerrie,Mallam,jmallamw@loc.gov,Male,181.110.246.5
34,Ezra,Shere,esherex@qq.com,Male,159.224.13.81
35,Edeline,Frearson,efrearsony@umn.edu,Female,171.131.9.219
36,Dmitri,Spilisy,dspilisyz@geocities.jp,Male,115.78.164.208
37,Winnah,Lambrick,wlambrick10@alibaba.com,Female,194.161.1.55
38,Gregoire,Opy,gopy11@buzzfeed.com,Male,161.230.118.240
39,Richardo,Tapton,rtapton12@nasa.gov,Male,189.131.115.114
40,Reg,Crannage,rcrannage13@umn.edu,Male,178.29.148.7
41,Yankee,Golby,ygolby14@china.com.cn,Male,193.253.13.36
42,Gratia,Carcass,gcarcass15@lulu.com,Female,249.161.57.115
43,Timi,Polack,tpolack16@last.fm,Female,6.162.92.71
44,Kimmi,Denk,kdenk17@who.int,Female,58.104.249.90
45,Welch,Denslow,wdenslow18@imgur.com,Male,219.203.208.99
46,Sigvard,Fencott,sfencott19@bigcartel.com,Male,55.136.101.217
47,Billie,Giottoi,bgiottoi1a@psu.edu,Male,222.85.142.61
48,Marj,Phipson,mphipson1b@reddit.com,Female,125.145.163.86
49,Sonni,Stranks,sstranks1c@hostgator.com,Female,44.140.208.123
50,Heindrick,Matityahu,hmatityahu1d@51.la,Male,105.64.18.65
51,Federica,Smees,fsmees1e@blogtalkradio.com,Female,148.72.210.34
52,Fanya,Hambidge,fhambidge1f@ustream.tv,Bigender,34.57.109.102
53,Phillip,Furmston,pfurmston1g@de.vu,Agender,55.3.248.83
54,Borden,Shallo,bshallo1h@amazon.com,Male,178.158.4.16
55,Gordy,Bramwell,gbramwell1i@arstechnica.com,Male,217.121.20.14
56,Zorine,Fulmen,zfulmen1j@themeforest.net,Female,239.123.80.79
57,Daron,Frankish,dfrankish1k@google.nl,Female,86.15.165.38
58,Livy,Stormont,lstormont1l@upenn.edu,Female,255.205.113.165
59,Austen,Grinval,agrinval1m@dailymotion.com,Male,73.45.121.165
60,Raynard,Stuchberry,rstuchberry1n@google.com.hk,Male,42.144.119.236
61,Audrie,Blackaller,ablackaller1o@spiegel.de,Non-binary,37.129.212.56
62,Sky,Barnby,sbarnby1p@privacy.gov.au,Male,137.111.111.150
63,Trudey,Leipelt,tleipelt1q@paypal.com,Bigender,142.102.246.38
64,Renee,Pennicott,rpennicott1r@telegraph.co.uk,Female,148.73.15.241
65,Roderich,Kemball,rkemball1s@ocn.ne.jp,Male,236.33.241.102
66,Benn,Bruyntjes,bbruyntjes1t@gnu.org,Male,161.225.70.90
67,Sunny,Pellew,spellew1u@nbcnews.com,Female,88.194.69.221
68,Gusti,Dederick,gdederick1v@g.co,Female,43.66.189.136
69,Rosina,Crayden,rcrayden1w@telegraph.co.uk,Female,129.101.116.57
70,Winnah,McClosh,wmcclosh1x@123-reg.co.uk,Female,188.246.134.185
71,Allin,Ruddock,aruddock1y@google.com.au,Male,49.0.148.83
72,Goldie,Dyne,gdyne1z@apache.org,Female,71.174.213.116
73,Cash,Kirk,ckirk20@clickbank.net,Male,112.47.152.32
74,Wes,Scolland,wscolland21@gmpg.org,Male,83.142.160.209
75,Madeleine,Simmig,msimmig22@barnesandnoble.com,Female,222.186.122.35
76,Abigail,Backhurst,abackhurst23@reference.com,Female,75.56.175.33
77,Roddy,Burg,rburg24@bbc.co.uk,Male,81.137.40.158
78,Crichton,Jansa,cjansa25@slideshare.net,Male,192.97.156.119
79,Sabine,Strettell,sstrettell26@archive.org,Female,241.173.55.161
80,Alanson,McFadin,amcfadin27@accuweather.com,Male,187.218.66.182
81,Devi,Harmeston,dharmeston28@webmd.com,Female,1.194.87.183
82,Albrecht,Hughson,ahughson29@google.com.hk,Male,165.76.84.187
83,Regan,Hebbs,rhebbs2a@eventbrite.com,Female,196.170.203.148
84,Zilvia,Laddle,zladdle2b@harvard.edu,Female,65.244.6.117
85,Lothario,Hannigan,lhannigan2c@google.ca,Male,116.104.196.210
86,Wendi,Niland,wniland2d@dot.gov,Female,200.194.208.91
87,Langsdon,Perryn,lperryn2e@cnn.com,Male,181.202.173.103
88,Francesco,Axleby,faxleby2f@moonfruit.com,Male,56.58.224.111
89,Kaylee,Sidwick,ksidwick2g@yahoo.com,Bigender,134.44.109.160
90,Somerset,Seine,sseine2h@google.ca,Male,209.132.226.43
91,Arney,Ford,aford2i@t.co,Male,232.36.1.75
92,Evelyn,Brimblecomb,ebrimblecomb2j@hud.gov,Male,143.144.84.193
93,Cammi,Sailor,csailor2k@barnesandnoble.com,Female,231.172.103.50
94,Diarmid,Puckett,dpuckett2l@xinhuanet.com,Polygender,248.184.210.165
95,Albert,Sidebotham,asidebotham2m@redcross.org,Male,148.40.28.38
96,Peri,Semor,psemor2n@liveinternet.ru,Female,53.183.235.24
97,Maxine,Liepmann,mliepmann2o@home.pl,Female,139.18.102.184
98,Gert,Fassum,gfassum2p@geocities.com,Female,126.0.101.5
99,Dora,Fairlem,dfairlem2q@constantcontact.com,Female,6.160.161.194
100,Ben,Pargent,bpargent2r@nhs.uk,Male,149.196.233.50
101,Tadeo,Symers,tsymers2s@ox.ac.uk,Male,61.169.173.158
102,Klemens,Appleby,kappleby2t@yolasite.com,Male,112.28.217.160
103,Bridget,Mc Caghan,bmccaghan2u@twitter.com,Female,215.196.43.11
104,Natala,Schneidau,nschneidau2v@globo.com,Female,79.163.207.77
105,Minerva,Macvain,mmacvain2w@redcross.org,Agender,70.81.17.9
106,Lucilia,Paulo,lpaulo2x@trellian.com,Female,136.125.231.133
107,Connie,Boldero,cboldero2y@youtu.be,Male,134.148.157.67
108,Garey,Philipard,gphilipard2z@psu.edu,Male,89.25.165.120
109,Daryn,Prestner,dprestner30@drupal.org,Female,223.180.162.19
110,Allys,Haskayne,ahaskayne31@zimbio.com,Female,10.176.135.131
111,Chen,Wiffen,cwiffen32@over-blog.com,Male,234.12.5.33
112,Flo,Haking,fhaking33@last.fm,Female,100.182.54.227
113,Berne,Holbarrow,bholbarrow34@comcast.net,Male,117.113.196.222
114,Oralle,Danelutti,odanelutti35@bloglines.com,Female,234.6.15.153
115,Denney,Sebastian,dsebastian36@weebly.com,Agender,51.121.67.245
116,Heindrick,Malley,hmalley37@disqus.com,Male,157.43.110.201
117,Maria,Harmon,mharmon38@irs.gov,Female,29.226.141.162
118,Ardelis,Bucknill,abucknill39@tinyurl.com,Female,17.68.108.182
119,Victoria,Rosenblath,vrosenblath3a@sciencedaily.com,Bigender,46.208.251.137
120,Bryna,Kochlin,bkochlin3b@mac.com,Female,30.138.66.199
121,Elisabetta,Fellis,efellis3c@icio.us,Female,180.211.174.59
122,Otes,Blaise,oblaise3d@ifeng.com,Male,38.91.242.252
123,Kimberly,Costock,kcostock3e@xinhuanet.com,Female,148.220.52.211
124,Oran,Risebrow,orisebrow3f@hostgator.com,Male,176.211.46.106
125,Pepito,Craighill,pcraighill3g@eepurl.com,Male,61.36.110.250
126,Mead,Risbie,mrisbie3h@reddit.com,Male,228.185.73.64
127,Kit,Rains,krains3i@freewebs.com,Female,255.27.137.0
128,Kevin,Szymaniak,kszymaniak3j@posterous.com,Male,0.0.61.230
129,Shadow,Tertre,stertre3k@ihg.com,Agender,82.233.30.55
130,Verile,Hutsby,vhutsby3l@pbs.org,Female,222.32.143.224
131,Jennine,Frushard,jfrushard3m@ted.com,Female,181.94.170.134
132,Jacintha,Ogles,jogles3n@npr.org,Genderqueer,20.79.247.101
133,Kalie,Eidelman,keidelman3o@wp.com,Female,183.208.143.231
134,Roxy,Goodman,rgoodman3p@vkontakte.ru,Female,165.65.27.21
135,Aharon,Schenkel,aschenkel3q@google.co.jp,Male,110.174.126.208
136,Beauregard,de Leon,bdeleon3r@alexa.com,Male,108.87.47.223
137,Thurstan,Ligertwood,tligertwood3s@ameblo.jp,Male,140.181.200.116
138,Maggee,Tellenbrok,mtellenbrok3t@shareasale.com,Non-binary,179.25.255.51
139,Franz,Kemell,fkemell3u@mysql.com,Male,97.141.157.56
140,Decca,Vazquez,dvazquez3v@soundcloud.com,Male,188.234.144.146
141,Dick,Nassie,dnassie3w@usgs.gov,Male,91.169.145.61
142,Collette,Stanlake,cstanlake3x@1und1.de,Female,63.164.57.249
143,Margaretta,Learman,mlearman3y@techcrunch.com,Female,180.99.28.147
144,Patty,Corrett,pcorrett3z@blogtalkradio.com,Male,196.69.110.181
145,Agnese,Wisker,awisker40@linkedin.com,Female,137.212.223.74
146,Kenn,Saladin,ksaladin41@quantcast.com,Male,1.12.218.233
147,Hamid,Leverett,hleverett42@ed.gov,Male,98.52.38.32
148,Josie,Youhill,jyouhill43@twitter.com,Female,129.75.51.85
149,Meriel,Bedenham,mbedenham44@epa.gov,Agender,200.116.181.119
150,Wilie,Orviss,worviss45@usa.gov,Genderfluid,152.9.219.15
151,Davie,Ruperto,druperto46@themeforest.net,Male,154.26.250.219
152,Torey,Triebner,ttriebner47@pinterest.com,Male,234.134.40.153
153,Myranda,Isacoff,misacoff48@bloglovin.com,Female,4.166.238.192
154,Nicol,Orpwood,norpwood49@noaa.gov,Genderqueer,223.233.81.239
155,Kilian,Ivankovic,kivankovic4a@boston.com,Male,73.112.76.52
156,Robinson,Philippsohn,rphilippsohn4b@wisc.edu,Male,84.104.222.254
157,Andras,Deport,adeport4c@clickbank.net,Male,139.144.30.224
158,Cameron,Abbe,cabbe4d@devhub.com,Male,65.237.121.203
159,Bernadina,Forrington,bforrington4e@seesaa.net,Female,195.151.204.76
160,Adi,Riddich,ariddich4f@is.gd,Female,181.22.80.247
161,Byrle,Clee,bclee4g@blogtalkradio.com,Male,146.34.32.238
162,Ranna,Elsworth,relsworth4h@paginegialle.it,Female,3.70.69.169
163,Vonny,Alston,valston4i@timesonline.co.uk,Female,46.125.128.89
164,Janelle,Buffery,jbuffery4j@oaic.gov.au,Genderqueer,37.123.170.116
165,Stirling,Quarton,squarton4k@sciencedaily.com,Male,8.109.182.23
166,Alta,Habishaw,ahabishaw4l@house.gov,Female,178.131.148.123
167,Franky,Kelshaw,fkelshaw4m@bizjournals.com,Bigender,195.121.251.138
168,Carla,Heinsh,cheinsh4n@plala.or.jp,Female,189.100.28.126
169,Iormina,Herety,iherety4o@last.fm,Female,76.65.85.67
170,Osbourn,Garie,ogarie4p@webmd.com,Male,176.22.170.21
171,Zsa zsa,Schust,zschust4q@irs.gov,Non-binary,42.13.125.11
172,Mal,Patek,mpatek4r@devhub.com,Male,233.46.188.172
173,Brockie,Skirvane,bskirvane4s@list-manage.com,Agender,178.37.255.122
174,Nevins,Bolmann,nbolmann4t@jugem.jp,Male,147.40.108.101
175,Kip,Hammerberg,khammerberg4u@auda.org.au,Male,195.203.213.145
176,Donny,Satch,dsatch4v@tmall.com,Female,16.131.13.182
177,Angelle,Canfer,acanfer4w@wisc.edu,Female,78.184.93.85
178,Skipp,Drever,sdrever4x@google.com.au,Male,200.139.171.145
179,Noah,Giovani,ngiovani4y@dedecms.com,Male,251.150.157.184
180,Hale,Thomazet,hthomazet4z@fema.gov,Male,110.121.24.126
181,Abbott,Forcade,aforcade50@blog.com,Male,224.217.152.106
182,Lacie,Ricciardi,lricciardi51@columbia.edu,Female,77.48.240.82
183,Dorise,McAlpine,dmcalpine52@sitemeter.com,Female,39.230.38.109
184,Coreen,Trow,ctrow53@nydailynews.com,Female,86.245.99.163
185,Tate,McGauhy,tmcgauhy54@indiegogo.com,Male,217.115.116.28
186,Ursula,Benaine,ubenaine55@nytimes.com,Genderqueer,150.118.7.193
187,Ciro,Doll,cdoll56@chron.com,Non-binary,157.13.15.108
188,Rosalind,Howen,rhowen57@privacy.gov.au,Female,223.236.250.70
189,Carroll,Negro,cnegro58@ebay.com,Bigender,99.182.9.72
190,Leta,Thurstan,lthurstan59@bandcamp.com,Female,221.46.52.67
191,Noble,Skupinski,nskupinski5a@businesswire.com,Male,166.240.204.232
192,Kilian,Finnan,kfinnan5b@illinois.edu,Male,132.26.173.121
193,Olga,Grzelczyk,ogrzelczyk5c@booking.com,Female,158.55.211.80
194,Nani,Ocheltree,nocheltree5d@dedecms.com,Female,212.47.181.172
195,Crichton,Linnard,clinnard5e@forbes.com,Male,255.233.88.66
196,Lon,Buffey,lbuffey5f@latimes.com,Male,224.6.184.245
197,Mignon,Headley,mheadley5g@storify.com,Female,65.202.60.155
198,Filide,Hornung,fhornung5h@surveymonkey.com,Bigender,44.83.244.26
199,Reginauld,McCafferky,rmccafferky5i@mozilla.com,Male,175.249.202.67
200,Raphaela,Hynde,rhynde5j@virginia.edu,Female,187.27.49.167
201,Filmore,Emerson,femerson5k@imdb.com,Male,63.92.121.66
202,Max,Errichi,merrichi5l@jalbum.net,Male,21.97.200.250
203,Brana,MacCarter,bmaccarter5m@army.mil,Female,89.31.80.31
204,Kyla,Walsh,kwalsh5n@java.com,Bigender,25.248.8.134
205,Pattie,Kinavan,pkinavan5o@cisco.com,Female,206.249.204.209
206,Tally,Albiston,talbiston5p@booking.com,Male,147.252.53.153
207,Paten,Titcom,ptitcom5q@nydailynews.com,Male,117.215.235.195
208,Joaquin,Allwood,jallwood5r@bloomberg.com,Male,236.164.228.130
209,Laetitia,Matteucci,lmatteucci5s@jimdo.com,Female,113.183.93.10
210,Frazier,Johanssen,fjohanssen5t@furl.net,Male,199.253.69.136
211,Colin,Williamson,cwilliamson5u@netscape.com,Male,136.198.172.23
212,Audie,Sodor,asodor5v@prnewswire.com,Female,129.65.136.39
213,Ric,Bean,rbean5w@state.gov,Male,94.55.216.4
214,Vivyanne,Woodfield,vwoodfield5x@tripadvisor.com,Female,237.247.17.212
215,Sven,Storcke,sstorcke5y@ameblo.jp,Male,175.91.243.16
216,Lani,Shotbolt,lshotbolt5z@netscape.com,Female,158.38.149.2
217,Cally,Glassup,cglassup60@microsoft.com,Female,145.48.216.48
218,Georgiana,Kayley,gkayley61@rambler.ru,Female,8.2.7.25
219,Artus,Bernardes,abernardes62@forbes.com,Male,8.195.48.149
220,Lezley,Muller,lmuller63@icq.com,Male,162.123.36.81
221,Mahmoud,Block,mblock64@netlog.com,Male,196.221.183.71
222,Keefe,Whal,kwhal65@npr.org,Bigender,138.86.242.129
223,Cal,Chasmer,cchasmer66@goodreads.com,Female,12.71.73.113
224,Conny,Jerke,cjerke67@admin.ch,Female,155.110.246.83
225,Heda,Halsall,hhalsall68@mediafire.com,Female,114.162.113.178
226,Asher,Tearney,atearney69@google.com.au,Male,222.155.116.48
227,Nelle,McCaughan,nmccaughan6a@wikia.com,Female,170.71.148.168
228,Marlow,Attarge,mattarge6b@last.fm,Male,200.182.135.252
229,Leonie,Goodley,lgoodley6c@wix.com,Female,145.1.163.19
230,Violante,Tezure,vtezure6d@youtu.be,Genderfluid,7.78.120.66
231,Giordano,Gilluley,ggilluley6e@dailymotion.com,Male,102.92.117.26
232,Wilden,Pinch,wpinch6f@deliciousdays.com,Male,209.116.92.225
233,Jaymee,Mulran,jmulran6g@bloglines.com,Female,226.171.61.45
234,Gordon,McGeown,gmcgeown6h@cnbc.com,Male,110.244.249.125
235,Berne,Cosans,bcosans6i@cbc.ca,Male,144.253.106.242
236,Deloris,Barribal,dbarribal6j@springer.com,Polygender,227.130.43.195
237,Maryanna,Magenny,mmagenny6k@huffingtonpost.com,Female,218.235.242.19
238,Kaye,Courson,kcourson6l@arstechnica.com,Female,207.87.180.217
239,Barri,Edelman,bedelman6m@delicious.com,Male,51.11.167.221
240,Baxter,Rounsefell,brounsefell6n@goodreads.com,Male,65.125.164.247
241,Ardelis,Dancy,adancy6o@phpbb.com,Female,141.250.154.125
242,Bonita,Peeke-Vout,bpeekevout6p@1688.com,Female,70.92.178.179
243,Jarib,Haker,jhaker6q@domainmarket.com,Male,26.220.95.194
244,Eveleen,Van Driel,evandriel6r@reuters.com,Female,175.143.198.139
245,Pate,Swafford,pswafford6s@blogger.com,Male,8.226.191.146
246,Aveline,Shilling,ashilling6t@cdbaby.com,Bigender,91.252.108.86
247,Burl,O'Grady,bogrady6u@jiathis.com,Male,5.147.222.219
248,Dimitry,Grima,dgrima6v@apache.org,Male,233.25.196.118
249,Horace,Checo,hcheco6w@apache.org,Male,188.153.229.247
250,Oswald,Debling,odebling6x@webs.com,Male,30.170.49.111
251,Catharine,Hartegan,chartegan6y@businesswire.com,Female,237.136.170.185
252,Yancy,Farraway,yfarraway6z@unicef.org,Male,67.47.34.122
253,Petr,McIlory,pmcilory70@fotki.com,Male,115.153.196.185
254,Tibold,Scroggins,tscroggins71@washingtonpost.com,Male,33.4.37.19
255,Harriet,Gimblet,hgimblet72@technorati.com,Female,251.255.84.36
256,Karel,Farrey,kfarrey73@go.com,Female,250.213.206.36
257,Hector,Lowle,hlowle74@amazon.co.jp,Male,115.104.0.2
258,Ezechiel,Plumer,eplumer75@delicious.com,Male,100.133.112.172
259,Reena,Corbishley,rcorbishley76@psu.edu,Female,1.51.98.93
260,Lew,Wilkisson,lwilkisson77@xrea.com,Male,99.10.119.123
261,Stewart,Lorenzin,slorenzin78@bbc.co.uk,Male,17.140.204.177
262,Cristobal,Reedick,creedick79@google.nl,Male,71.254.127.99
263,Minerva,Petzold,mpetzold7a@latimes.com,Female,20.239.116.153
264,Daniella,Dankov,ddankov7b@telegraph.co.uk,Female,75.94.113.45
265,Sholom,McElrea,smcelrea7c@blog.com,Male,162.243.231.124
266,Rowney,Ivanichev,rivanichev7d@google.com,Male,126.204.114.128
267,Sue,Jeannequin,sjeannequin7e@narod.ru,Female,177.159.126.13
268,Annadiana,Fenners,afenners7f@nifty.com,Female,138.85.59.180
269,Brendan,Currao,bcurrao7g@cloudflare.com,Male,69.182.153.124
270,Berni,Doumerc,bdoumerc7h@youtu.be,Bigender,57.110.188.242
271,Alvira,Lawleff,alawleff7i@elegantthemes.com,Female,206.196.206.20
272,Tessi,Kuban,tkuban7j@umich.edu,Female,180.212.147.246
273,Caitrin,Tithacott,ctithacott7k@printfriendly.com,Female,254.14.180.225
274,Guthry,Averall,gaverall7l@nsw.gov.au,Male,191.237.116.225
275,Aksel,Sappell,asappell7m@mit.edu,Male,2.233.56.81
276,Louella,Micheli,lmicheli7n@reddit.com,Female,246.26.84.129
277,Ikey,Kirkham,ikirkham7o@walmart.com,Genderqueer,242.88.195.149
278,Tim,Hamlington,thamlington7p@indiatimes.com,Female,36.125.203.59
279,Gay,Seden,gseden7q@youtu.be,Female,55.41.188.155
280,Lorilee,Bringloe,lbringloe7r@msu.edu,Genderfluid,175.74.218.185
281,Raf,Coldtart,rcoldtart7s@goodreads.com,Female,56.187.181.94
282,Federica,Pllu,fpllu7t@studiopress.com,Female,21.245.190.21
283,Bronnie,Laverick,blaverick7u@baidu.com,Male,63.14.156.169
284,Colver,Macek,cmacek7v@homestead.com,Male,167.77.121.19
285,Kamillah,Apedaile,kapedaile7w@admin.ch,Female,201.85.210.139
286,Katrinka,Rubinchik,krubinchik7x@disqus.com,Female,81.41.54.187
287,Bev,Vigus,bvigus7y@360.cn,Male,207.170.20.26
288,Alvina,Goodbourn,agoodbourn7z@buzzfeed.com,Female,84.150.203.132
289,Camel,O'Cannavan,cocannavan80@google.co.uk,Female,183.143.76.105
290,Calvin,Leindecker,cleindecker81@feedburner.com,Male,166.69.141.75
291,Prissie,Stucksbury,pstucksbury82@state.gov,Female,97.142.132.227
292,Roddy,Goodliffe,rgoodliffe83@hugedomains.com,Male,47.207.65.159
293,Ofella,Jaouen,ojaouen84@over-blog.com,Female,162.139.89.180
294,Templeton,Maylard,tmaylard85@youtu.be,Male,183.110.96.135
295,Franklyn,Lauxmann,flauxmann86@netvibes.com,Male,247.247.65.205
296,Errick,Proudlove,eproudlove87@histats.com,Male,34.210.33.249
297,Elga,Filinkov,efilinkov88@gnu.org,Female,244.34.134.46
298,Carlotta,Bernardelli,cbernardelli89@lycos.com,Female,246.143.77.11
299,Gustavus,Smalridge,gsmalridge8a@forbes.com,Male,245.206.151.119
300,Laureen,Hyams,lhyams8b@taobao.com,Female,8.48.1.74
301,Melicent,Madine,mmadine8c@webmd.com,Female,109.16.166.103
302,Yancey,Cory,ycory8d@chicagotribune.com,Male,68.166.227.171
303,Pincas,Knutsen,pknutsen8e@netlog.com,Male,2.76.179.77
304,Henderson,Phettiplace,hphettiplace8f@vistaprint.com,Male,6.104.88.201
305,Stacy,Enocksson,senocksson8g@chron.com,Female,162.233.148.44
306,Taylor,Allmann,tallmann8h@amazon.com,Male,195.15.117.172
307,Mile,Winley,mwinley8i@patch.com,Agender,81.154.141.166
308,Marven,Hogbin,mhogbin8j@si.edu,Male,238.101.13.7
309,Denna,Kittow,dkittow8k@ning.com,Female,65.23.34.154
310,Neil,Bordes,nbordes8l@spotify.com,Male,73.69.233.253
311,Daveta,Izhaky,dizhaky8m@cisco.com,Female,24.23.54.229
312,Lilian,Begg,lbegg8n@smh.com.au,Female,159.0.125.68
313,Dana,Liverseege,dliverseege8o@furl.net,Female,108.200.9.23
314,Walliw,Sokale,wsokale8p@yelp.com,Agender,241.221.168.3
315,Jaclyn,Ziebart,jziebart8q@yelp.com,Female,47.121.4.196
316,Neall,Chrichton,nchrichton8r@home.pl,Male,66.232.41.42
317,Skelly,Rishman,srishman8s@google.nl,Male,204.196.104.198
318,Ellerey,Benoiton,ebenoiton8t@example.com,Male,196.248.240.151
319,Bertrando,Philbrook,bphilbrook8u@sfgate.com,Male,83.206.47.6
320,Malcolm,Elderkin,melderkin8v@dmoz.org,Male,34.146.108.122
321,Kitty,Albany,kalbany8w@behance.net,Female,62.52.254.70
322,Ev,Assur,eassur8x@tiny.cc,Male,232.193.66.47
323,Joshia,Tweedlie,jtweedlie8y@pinterest.com,Agender,134.191.137.217
324,Lucie,Hearthfield,lhearthfield8z@sakura.ne.jp,Female,32.166.91.6
325,Tedman,Mussalli,tmussalli90@instagram.com,Male,152.226.183.100
326,Maryjo,Benting,mbenting91@friendfeed.com,Female,223.136.91.144
327,Amery,Thursby,athursby92@unc.edu,Male,141.2.53.101
328,Dolf,Cogger,dcogger93@nps.gov,Male,97.177.93.194
329,Rosalyn,Mansford,rmansford94@alibaba.com,Female,0.79.10.96
330,Ellerey,Thomassin,ethomassin95@hao123.com,Male,254.215.216.180
331,Abeu,Doelle,adoelle96@smugmug.com,Male,14.104.172.20
332,Ajay,Connealy,aconnealy97@opera.com,Female,178.75.55.126
333,Taffy,Tock,ttock98@vkontakte.ru,Female,66.111.48.233
334,Svend,Shillum,sshillum99@topsy.com,Male,59.68.214.87
335,Joete,Dossantos,jdossantos9a@nyu.edu,Female,54.218.59.112
336,Georgie,Cochern,gcochern9b@senate.gov,Male,199.152.182.15
337,Stanly,Authers,sauthers9c@salon.com,Male,103.87.218.33
338,Shae,Deackes,sdeackes9d@cnet.com,Bigender,97.22.148.34
339,Pamela,Zamora,pzamora9e@engadget.com,Female,91.155.133.173
340,Willamina,Cleeve,wcleeve9f@t.co,Female,108.39.241.248
341,Rocky,Peres,rperes9g@cafepress.com,Male,39.218.244.183
342,Merrile,Draaisma,mdraaisma9h@psu.edu,Female,229.0.14.191
343,Rivalee,Dufour,rdufour9i@soundcloud.com,Female,210.119.101.3
344,Georgie,Stanistrete,gstanistrete9j@wiley.com,Male,235.200.218.181
345,Dirk,Oldroyde,doldroyde9k@hhs.gov,Male,45.152.105.126
346,Harlen,Whitfeld,hwhitfeld9l@wordpress.org,Male,112.175.28.153
347,Kellby,Gravenor,kgravenor9m@yelp.com,Male,81.33.76.119
348,Alphonso,Camilio,acamilio9n@free.fr,Male,158.160.62.246
349,Ogdan,Harber,oharber9o@github.io,Male,111.79.85.106
350,Elisabeth,Sturror,esturror9p@xrea.com,Female,145.217.174.54
351,Kendrick,Woodhams,kwoodhams9q@google.com.hk,Male,107.242.65.71
352,Goddard,Wayman,gwayman9r@npr.org,Male,82.6.33.92
353,Rodolphe,Hawthorn,rhawthorn9s@spotify.com,Male,5.73.138.108
354,Rickey,Espin,respin9t@cmu.edu,Male,86.42.83.82
355,Neron,Gauch,ngauch9u@cafepress.com,Male,184.134.50.175
356,Cristiano,Hammarberg,chammarberg9v@economist.com,Male,128.90.167.2
357,Ferd,Buffery,fbuffery9w@timesonline.co.uk,Male,58.3.216.44
358,Kermit,Knellen,kknellen9x@accuweather.com,Male,202.17.174.152
359,Enrique,Atterbury,eatterbury9y@patch.com,Male,177.169.52.204
360,Dawn,Reding,dreding9z@unesco.org,Female,53.69.109.236
361,Victor,Moiser,vmoisera0@alibaba.com,Male,208.99.232.82
362,Guinevere,Goldfinch,ggoldfincha1@google.com.au,Female,128.170.159.48
363,Rey,Huntington,rhuntingtona2@apache.org,Male,216.5.90.74
364,Amabelle,Prazer,aprazera3@hao123.com,Non-binary,130.161.54.105
365,Cory,Dimmick,cdimmicka4@virginia.edu,Male,13.116.211.84
366,Bernetta,Ditts,bdittsa5@yahoo.com,Female,242.163.12.243
367,Bellanca,Sessions,bsessionsa6@issuu.com,Female,203.100.129.136
368,Zachery,Letten,zlettena7@ca.gov,Male,18.82.200.121
369,Hakim,Ellum,helluma8@harvard.edu,Male,88.79.170.241
370,Clair,Finden,cfindena9@alexa.com,Male,196.103.112.170
371,Curt,Elvins,celvinsaa@ftc.gov,Male,159.208.22.173
372,Nicki,Balcon,nbalconab@prlog.org,Female,161.128.98.137
373,Bryna,Cromer,bcromerac@apache.org,Female,191.26.43.237
374,Adelheid,Mecco,ameccoad@shareasale.com,Female,216.64.137.24
375,Armstrong,Bartle,abartleae@salon.com,Male,200.9.55.106
376,Dewie,Baalham,dbaalhamaf@netvibes.com,Male,189.83.11.255
377,Mandy,Eyckelbeck,meyckelbeckag@marketwatch.com,Female,130.5.55.75
378,Monty,Ditter,mditterah@blogtalkradio.com,Male,245.32.202.83
379,Joane,Netherclift,jnethercliftai@ted.com,Female,68.25.156.53
380,Broddie,Pammenter,bpammenteraj@multiply.com,Male,224.73.177.33
381,Jacky,Janse,jjanseak@fotki.com,Male,126.220.150.189
382,Onida,Farfull,ofarfullal@unicef.org,Female,223.199.83.122
383,Tye,Batcheldor,tbatcheldoram@earthlink.net,Male,85.72.187.248
384,Hall,Kennett,hkennettan@mail.ru,Male,178.191.183.252
385,Mollie,Altimas,maltimasao@umich.edu,Female,160.209.172.7
386,Griffie,Biagini,gbiaginiap@amazon.co.jp,Non-binary,14.234.254.83
387,Shari,Sikora,ssikoraaq@toplist.cz,Female,115.37.231.12
388,Fair,Feeley,ffeeleyar@paypal.com,Male,132.199.135.183
389,Norris,MacInnes,nmacinnesas@nyu.edu,Male,23.103.204.84
390,Gerri,Riddiford,griddifordat@hugedomains.com,Male,65.154.159.183
391,Coralie,Robbs,crobbsau@wufoo.com,Female,188.167.41.185
392,Dillon,Garron,dgarronav@mysql.com,Male,180.15.84.66
393,Max,Morsey,mmorseyaw@mtv.com,Female,162.172.87.174
394,Marrilee,Skone,mskoneax@chronoengine.com,Female,136.208.6.12
395,Nicol,Hamner,nhamneray@vkontakte.ru,Male,224.57.200.106
396,Raimund,Antonin,rantoninaz@huffingtonpost.com,Male,11.131.246.183
397,Kata,Skittrell,kskittrellb0@cyberchimps.com,Female,108.187.236.224
398,Ray,Edbrooke,redbrookeb1@gmpg.org,Female,126.110.94.250
399,Yorgos,Beavors,ybeavorsb2@prnewswire.com,Male,90.129.9.195
400,Alon,Minget,amingetb3@statcounter.com,Male,18.137.104.78
401,Brody,Wyleman,bwylemanb4@ustream.tv,Male,243.236.200.104
402,Ibbie,Earle,iearleb5@twitpic.com,Genderqueer,118.96.248.253
403,Kathryne,Fearnill,kfearnillb6@npr.org,Female,224.54.166.252
404,Cassondra,Evesque,cevesqueb7@bing.com,Female,146.6.114.27
405,Hamlin,Lavallin,hlavallinb8@usda.gov,Male,85.157.203.230
406,Tan,Hawkeridge,thawkeridgeb9@ovh.net,Male,134.227.75.213
407,Blondell,Salandino,bsalandinoba@psu.edu,Female,246.207.110.175
408,Skipp,Greyes,sgreyesbb@google.ru,Male,146.161.243.162
409,Tedmund,Dumbreck,tdumbreckbc@mlb.com,Male,166.170.114.199
410,Loren,Schwand,lschwandbd@cbc.ca,Bigender,94.161.191.3
411,Sutherland,Mallabund,smallabundbe@umich.edu,Male,150.138.175.206
412,Joshuah,Manwaring,jmanwaringbf@purevolume.com,Male,167.20.134.35
413,Levon,Freen,lfreenbg@telegraph.co.uk,Male,244.90.164.109
414,Blisse,Fenne,bfennebh@baidu.com,Female,171.209.31.72
415,Fanechka,Baszkiewicz,fbaszkiewiczbi@mysql.com,Genderfluid,172.55.95.45
416,Lacee,Archell,larchellbj@kickstarter.com,Female,153.147.246.65
417,Kane,Roxburch,kroxburchbk@sphinn.com,Male,214.20.166.75
418,Saunder,Hein,sheinbl@cloudflare.com,Male,222.42.2.160
419,Sibel,Castillo,scastillobm@xing.com,Female,127.127.9.244
420,Nicola,Causer,ncauserbn@chicagotribune.com,Female,235.137.172.40
421,Vickie,Fallawe,vfallawebo@myspace.com,Genderfluid,85.44.41.18
422,Rosalinde,Goadbie,rgoadbiebp@amazon.de,Female,152.16.236.187
423,Kore,Risley,krisleybq@amazonaws.com,Female,144.116.143.204
424,Arlen,Collard,acollardbr@techcrunch.com,Male,57.165.229.186
425,Corissa,Woolnough,cwoolnoughbs@vinaora.com,Female,197.213.222.134
426,Thornton,Paxman,tpaxmanbt@psu.edu,Male,183.52.225.135
427,Hortensia,Kenelin,hkenelinbu@unc.edu,Female,31.224.13.179
428,Adan,Dionis,adionisbv@drupal.org,Male,44.235.5.47
429,Gawen,Mannakee,gmannakeebw@google.cn,Male,107.110.179.74
430,Cullan,Ivashechkin,civashechkinbx@army.mil,Male,153.160.121.4
431,Ermanno,Geffcock,egeffcockby@ameblo.jp,Male,210.160.180.250
432,Friedrick,Glaves,fglavesbz@ow.ly,Male,192.100.56.97
433,Titos,McGill,tmcgillc0@webnode.com,Male,35.177.170.57
434,Merwyn,Van den Dael,mvandendaelc1@businessinsider.com,Male,149.108.153.188
435,Odelia,Kirby,okirbyc2@google.ru,Female,132.75.134.10
436,Vivyan,Hattersley,vhattersleyc3@comsenz.com,Genderfluid,113.205.118.187
437,Reagan,Warricker,rwarrickerc4@nydailynews.com,Male,169.236.75.22
438,Anne,Rimes,arimesc5@smh.com.au,Female,33.127.115.210
439,Aldrich,Clac,aclacc6@miibeian.gov.cn,Male,140.112.27.1
440,Myca,Goodhand,mgoodhandc7@xinhuanet.com,Male,21.65.171.189
441,Fitzgerald,Bonallack,fbonallackc8@wunderground.com,Male,37.204.105.29
442,Bernadine,Lucius,bluciusc9@theatlantic.com,Female,178.149.84.16
443,Terrence,Truse,ttruseca@hc360.com,Male,24.180.221.198
444,Cass,Bentsen,cbentsencb@cmu.edu,Female,61.159.8.230
445,Osgood,Ruske,oruskecc@guardian.co.uk,Non-binary,53.40.188.62
446,Viva,McCreadie,vmccreadiecd@cbc.ca,Female,137.136.76.19
447,Whitby,Hanscome,whanscomece@friendfeed.com,Male,65.237.110.44
448,Rockwell,Hunnybun,rhunnybuncf@homestead.com,Male,84.255.179.113
449,Rudd,Janda,rjandacg@cbsnews.com,Male,37.237.46.5
450,Lonnie,Chaplin,lchaplinch@unesco.org,Male,138.104.120.188
451,Deb,Postins,dpostinsci@symantec.com,Female,88.210.124.177
452,Julie,Greir,jgreircj@who.int,Male,12.79.227.60
453,Jo-ann,Darville,jdarvilleck@github.io,Female,65.127.48.48
454,Rani,Basini-Gazzi,rbasinigazzicl@usatoday.com,Female,196.195.155.22
455,Imogene,Steers,isteerscm@tmall.com,Female,27.121.202.192
456,Rivy,Lewsie,rlewsiecn@senate.gov,Female,99.28.167.42
457,Dal,Burnsell,dburnsellco@edublogs.org,Male,29.143.175.155
458,Gerladina,Ardling,gardlingcp@smugmug.com,Female,76.41.226.131
459,Jane,Dumbell,jdumbellcq@merriam-webster.com,Female,181.11.19.61
460,Ilka,Fowlston,ifowlstoncr@infoseek.co.jp,Female,147.139.33.10
461,Kelsey,Ragdale,kragdalecs@europa.eu,Female,238.175.217.94
462,Romy,Codi,rcodict@hatena.ne.jp,Female,240.203.22.64
463,Corbie,Cragell,ccragellcu@marketwatch.com,Male,96.38.190.92
464,Daisi,Osselton,dosseltoncv@jalbum.net,Female,116.226.29.216
465,Barnaby,MacFarlan,bmacfarlancw@usnews.com,Male,146.216.91.34
466,Agatha,Spitaro,aspitarocx@java.com,Female,120.239.230.117
467,Ilaire,Carlisi,icarlisicy@google.nl,Male,180.69.49.99
468,Emmaline,Gisbourn,egisbourncz@xing.com,Female,9.7.248.236
469,Jordon,Giamelli,jgiamellid0@simplemachines.org,Male,90.38.112.141
470,Northrup,Bickerdicke,nbickerdicked1@fda.gov,Male,152.48.75.10
471,Olympie,Ioselevich,oioselevichd2@youku.com,Female,112.186.22.176
472,Rudy,Dorwood,rdorwoodd3@example.com,Male,115.95.102.97
473,Kristoffer,Ableson,kablesond4@altervista.org,Male,66.10.188.48
474,Griswold,Hargitt,ghargittd5@addtoany.com,Male,252.20.175.239
475,Reeta,Merlin,rmerlind6@google.ru,Non-binary,183.216.25.16
476,Elaina,Aldersea,ealdersead7@sciencedaily.com,Female,146.49.104.180
477,Teodorico,Codner,tcodnerd8@diigo.com,Male,77.29.176.91
478,Niels,Congram,ncongramd9@google.co.jp,Male,35.193.160.36
479,Leigha,Woliter,lwoliterda@taobao.com,Non-binary,231.101.155.147
480,Ware,Kingett,wkingettdb@prlog.org,Male,96.73.185.214
481,Neile,Sex,nsexdc@kickstarter.com,Female,249.49.244.111
482,Starlin,Ysson,syssondd@jigsy.com,Agender,13.130.34.102
483,Cornelius,Fargher,cfargherde@slate.com,Male,198.20.198.52
484,Monro,Claridge,mclaridgedf@list-manage.com,Male,224.198.45.76
485,Lukas,Allwell,lallwelldg@prnewswire.com,Male,109.61.128.125
486,Olenka,Roskruge,oroskrugedh@ihg.com,Female,83.39.198.195
487,Roi,Ginner,rginnerdi@mozilla.org,Genderfluid,23.158.216.109
488,Rafaelia,Whitham,rwhithamdj@weather.com,Agender,76.191.228.66
489,Virgie,Thickin,vthickindk@networkadvertising.org,Bigender,23.231.36.125
490,Cora,Crush,ccrushdl@cbc.ca,Female,28.122.65.235
491,Olivette,Chrestien,ochrestiendm@digg.com,Female,135.188.8.208
492,Roze,Laycock,rlaycockdn@etsy.com,Female,31.242.1.148
493,Sheffield,Hurworth,shurworthdo@bloglovin.com,Male,58.225.166.153
494,Katie,Quilliam,kquilliamdp@discuz.net,Female,236.8.250.105
495,Linea,Rummins,lrumminsdq@xrea.com,Female,127.208.97.197
496,Jenn,Puden,jpudendr@tiny.cc,Female,30.57.93.37
497,Collen,Chung,cchungds@liveinternet.ru,Female,57.223.10.27
498,Cherey,Jefferies,cjefferiesdt@columbia.edu,Female,91.23.239.186
499,Matty,Tunna,mtunnadu@furl.net,Female,101.11.110.28
500,Roderich,Karlsson,rkarlssondv@nytimes.com,Male,86.156.121.89
501,Dick,Tolman,dtolmandw@foxnews.com,Male,132.23.217.56
502,Tiphani,Di Bartolommeo,tdibartolommeodx@xinhuanet.com,Female,174.168.240.47
503,Freeland,Robb,frobbdy@tuttocitta.it,Male,101.41.22.145
504,Husein,Jonk,hjonkdz@netscape.com,Male,43.201.121.61
505,Khalil,Pennetta,kpennettae0@youtu.be,Male,206.178.155.180
506,Calv,Goddard,cgoddarde1@foxnews.com,Male,144.31.40.55
507,Tami,Flattman,tflattmane2@blogger.com,Female,129.22.243.80
508,Nancee,Leggen,nleggene3@msn.com,Female,103.253.57.48
509,Lauree,Ramel,lramele4@paypal.com,Female,36.35.89.243
510,Serena,Liptrot,sliptrote5@blogspot.com,Female,224.76.203.52
511,Nichole,Kanter,nkantere6@engadget.com,Female,31.130.30.233
512,Jean,Blacklidge,jblacklidgee7@ucsd.edu,Female,126.240.100.119
513,Norbert,Gibbard,ngibbarde8@devhub.com,Non-binary,92.53.112.239
514,Marcel,Catcherside,mcatchersidee9@hao123.com,Male,113.116.180.227
515,Horten,Isacoff,hisacoffea@mlb.com,Male,235.200.224.143
516,Joelly,Cuckson,jcucksoneb@so-net.ne.jp,Female,176.82.147.152
517,Melvin,Gussin,mgussinec@theatlantic.com,Polygender,142.52.224.163
518,Wilona,Cholonin,wcholonined@webnode.com,Agender,249.44.146.195
519,Elias,Sybbe,esybbeee@bravesites.com,Male,228.183.27.47
520,Joey,Macrae,jmacraeef@yellowbook.com,Male,10.39.213.106
521,Hillel,Constable,hconstableeg@e-recht24.de,Male,12.198.52.81
522,Rene,Benley,rbenleyeh@jugem.jp,Female,180.22.40.106
523,Isiahi,Neem,ineemei@shop-pro.jp,Male,173.152.191.198
524,Kendrick,Trussell,ktrussellej@usa.gov,Male,5.158.179.110
525,Sandy,Grime,sgrimeek@pcworld.com,Female,171.57.73.234
526,Jeanine,Beecraft,jbeecraftel@chronoengine.com,Non-binary,228.113.212.208
527,Samantha,Chaloner,schalonerem@theguardian.com,Female,47.108.199.235
528,Lethia,Davenhill,ldavenhillen@dot.gov,Female,206.177.180.172
529,Rudolf,Phalp,rphalpeo@theguardian.com,Male,0.100.14.167
530,Madeline,Healeas,mhealeasep@cam.ac.uk,Female,160.89.163.110
531,Elita,Giametti,egiamettieq@dropbox.com,Female,250.126.137.166
532,Nikki,Vondra,nvondraer@friendfeed.com,Female,86.163.59.46
533,Anitra,Face,afacees@odnoklassniki.ru,Female,178.229.220.158
534,Gabriell,Gelder,ggelderet@yahoo.co.jp,Female,88.31.46.64
535,Timothy,Besset,tbesseteu@pen.io,Genderfluid,204.41.105.24
536,Wallis,Westall,wwestallev@booking.com,Male,232.33.45.229
537,Clarine,Forst,cforstew@sitemeter.com,Female,222.21.134.111
538,Jorey,Fishleigh,jfishleighex@google.com.hk,Agender,199.55.65.255
539,Julianna,Haxell,jhaxelley@umn.edu,Polygender,138.54.95.178
540,Pascale,Patty,ppattyez@smugmug.com,Male,242.213.2.147
541,Verge,Michiel,vmichielf0@usda.gov,Male,249.243.91.213
542,Sibby,Figg,sfiggf1@netscape.com,Female,153.99.136.0
543,Meredeth,Cowerd,mcowerdf2@pen.io,Male,87.62.185.38
544,Rodge,Sandle,rsandlef3@networksolutions.com,Male,212.106.38.158
545,Samantha,Ketteringham,sketteringhamf4@vinaora.com,Female,106.8.243.95
546,Toddy,Geertsen,tgeertsenf5@jalbum.net,Male,72.146.99.139
547,Katti,Yakubowicz,kyakubowiczf6@thetimes.co.uk,Female,216.71.59.244
548,Devonne,Goaks,dgoaksf7@arstechnica.com,Bigender,60.215.103.219
549,Reese,Efford,reffordf8@gnu.org,Male,49.205.65.94
550,Madelle,Dightham,mdighthamf9@vimeo.com,Female,184.241.5.142
551,Kristo,Woodbridge,kwoodbridgefa@un.org,Genderqueer,77.178.242.149
552,Kala,Blonfield,kblonfieldfb@engadget.com,Female,4.176.225.44
553,Lelah,Girt,lgirtfc@histats.com,Female,82.140.155.250
554,Neila,Covill,ncovillfd@drupal.org,Female,229.166.250.113
555,Bronny,Mewha,bmewhafe@addthis.com,Male,57.207.254.215
556,Gretel,Stobbart,gstobbartff@geocities.com,Female,149.212.53.250
557,Jolynn,Hurring,jhurringfg@theatlantic.com,Female,21.242.68.21
558,Carlo,Matuszewski,cmatuszewskifh@constantcontact.com,Male,93.10.186.211
559,Ardyce,Sinnott,asinnottfi@linkedin.com,Female,69.217.188.184
560,Wit,Lecount,wlecountfj@disqus.com,Male,5.241.78.105
561,Evania,Bexley,ebexleyfk@comsenz.com,Female,139.168.11.90
562,Rosaleen,Bedborough,rbedboroughfl@alibaba.com,Female,59.5.32.61
563,Brien,Craggs,bcraggsfm@wunderground.com,Male,157.248.104.134
564,Shayne,Hugill,shugillfn@marriott.com,Male,225.95.32.201
565,Norry,Franciskiewicz,nfranciskiewiczfo@infoseek.co.jp,Male,89.234.30.119
566,Julianne,Jeeves,jjeevesfp@twitter.com,Female,78.44.148.51
567,Palmer,Dow,pdowfq@yelp.com,Male,62.10.167.10
568,Kaleena,Fevers,kfeversfr@marketwatch.com,Genderfluid,154.99.232.186
569,Ruthe,Delph,rdelphfs@upenn.edu,Genderqueer,215.184.91.139
570,Virginia,Cookman,vcookmanft@feedburner.com,Female,27.104.134.122
571,Johna,Blaker,jblakerfu@reference.com,Genderfluid,38.52.37.200
572,Glennie,Mougeot,gmougeotfv@sogou.com,Female,89.4.60.163
573,Berkeley,Buzin,bbuzinfw@pcworld.com,Male,46.102.220.47
574,Cyrille,Ferie,cferiefx@ycombinator.com,Male,189.164.220.74
575,Pen,Francino,pfrancinofy@360.cn,Female,14.47.5.117
576,Lindsay,Sillwood,lsillwoodfz@state.tx.us,Agender,24.28.134.97
577,Alethea,Mullin,amulling0@odnoklassniki.ru,Female,184.241.191.126
578,Kittie,Inglefield,kinglefieldg1@army.mil,Female,149.205.88.103
579,Maury,Cowsby,mcowsbyg2@weebly.com,Male,228.45.48.136
580,Cecil,Paunsford,cpaunsfordg3@ask.com,Male,32.154.163.178
581,Petronille,Gaskell,pgaskellg4@myspace.com,Female,142.179.77.40
582,Nevil,Taaffe,ntaaffeg5@qq.com,Male,65.4.232.230
583,Lise,Georgeot,lgeorgeotg6@narod.ru,Genderfluid,48.182.10.137
584,Stanly,Hutable,shutableg7@vinaora.com,Male,250.86.48.211
585,Clifford,Crankshaw,ccrankshawg8@surveymonkey.com,Male,245.20.10.38
586,Zacharias,Hince,zhinceg9@engadget.com,Male,250.91.62.151
587,Noam,Green,ngreenga@topsy.com,Male,255.46.46.54
588,Reuben,Feldbrin,rfeldbringb@sciencedirect.com,Male,136.196.157.24
589,Genia,Iseton,gisetongc@usda.gov,Female,50.253.223.168
590,Tanney,Bamell,tbamellgd@youtu.be,Male,98.10.169.77
591,Fanya,Scrimshaw,fscrimshawge@seesaa.net,Female,169.90.146.233
592,Roxane,Minihane,rminihanegf@ovh.net,Female,1.204.66.148
593,Manda,Renyard,mrenyardgg@opensource.org,Female,184.191.48.67
594,Henka,Thomelin,hthomelingh@histats.com,Agender,23.188.205.28
595,Marietta,Anlay,manlaygi@nifty.com,Male,22.96.238.209
596,Bryn,Dreamer,bdreamergj@barnesandnoble.com,Female,248.59.147.88
597,Willey,Pepon,wpepongk@un.org,Male,115.96.63.129
598,Menard,Baroc,mbarocgl@goo.ne.jp,Male,53.69.70.134
599,James,Brocket,jbrocketgm@biglobe.ne.jp,Male,31.183.144.225
600,Palmer,Crassweller,pcrasswellergn@ed.gov,Male,90.18.37.130
601,Simone,Antoniewski,santoniewskigo@si.edu,Female,229.247.59.168
602,Edvard,Lambeth,elambethgp@yale.edu,Bigender,210.150.27.126
603,Salem,Latchford,slatchfordgq@ft.com,Male,64.27.65.247
604,Garner,Seedull,gseedullgr@dropbox.com,Male,191.224.221.87
605,Elia,Benettolo,ebenettologs@mozilla.org,Genderqueer,32.147.173.174
606,Damian,Peron,dperongt@infoseek.co.jp,Male,191.102.6.206
607,Luis,Clewer,lclewergu@discuz.net,Male,111.29.22.47
608,Laryssa,Melmeth,lmelmethgv@barnesandnoble.com,Polygender,121.249.188.194
609,Lonnie,Deavin,ldeavingw@timesonline.co.uk,Female,236.9.163.48
610,Mair,Thirkettle,mthirkettlegx@weather.com,Female,113.59.98.8
611,Dulcie,McKeon,dmckeongy@fastcompany.com,Female,142.118.97.23
612,Jilly,Conerding,jconerdinggz@yellowpages.com,Female,54.17.143.50
613,Artemus,Pettingall,apettingallh0@auda.org.au,Male,23.237.2.124
614,Hakeem,Arkell,harkellh1@surveymonkey.com,Male,142.118.230.52
615,Pris,Castaignet,pcastaigneth2@ovh.net,Female,235.39.171.67
616,Patsy,Gair,pgairh3@ihg.com,Female,7.124.60.77
617,Xever,Haythorn,xhaythornh4@gov.uk,Male,87.2.154.44
618,Clementine,Robers,crobersh5@angelfire.com,Female,250.173.157.200
619,Urson,Close,ucloseh6@dailymail.co.uk,Male,46.140.5.213
620,Nollie,Cotillard,ncotillardh7@dagondesign.com,Female,255.215.22.133
621,Thacher,Teas,tteash8@foxnews.com,Male,18.78.93.183
622,Dorothy,Tegler,dteglerh9@guardian.co.uk,Female,211.45.53.182
623,Raychel,Lewis,rlewisha@issuu.com,Female,46.233.30.236
624,Corabel,Forster,cforsterhb@example.com,Female,137.186.149.227
625,Roana,Neno,rnenohc@seattletimes.com,Female,158.64.225.220
626,Dallis,Somerled,dsomerledhd@mapy.cz,Male,143.157.89.47
627,Hattie,Volker,hvolkerhe@over-blog.com,Female,246.13.43.202
628,Todd,O'Cannavan,tocannavanhf@infoseek.co.jp,Male,204.42.79.130
629,Pauline,Cambell,pcambellhg@histats.com,Female,208.67.129.118
630,Phil,Goalby,pgoalbyhh@elegantthemes.com,Female,18.186.28.67
631,Jake,Danilewicz,jdanilewiczhi@newyorker.com,Male,11.85.151.239
632,Truman,Duran,tduranhj@guardian.co.uk,Male,36.190.174.148
633,Elfrieda,Dorbon,edorbonhk@t-online.de,Female,9.113.233.53
634,Neile,Tisun,ntisunhl@a8.net,Female,111.60.247.180
635,Brunhilde,Kale,bkalehm@mozilla.org,Female,55.227.244.251
636,Betsey,Waldie,bwaldiehn@desdev.cn,Female,111.212.106.111
637,Jany,Yantsev,jyantsevho@columbia.edu,Female,205.89.179.151
638,Arnoldo,Gillman,agillmanhp@geocities.com,Male,42.66.183.204
639,Flossy,Weekland,fweeklandhq@reuters.com,Female,194.254.57.93
640,Vin,Teggart,vteggarthr@sakura.ne.jp,Female,246.229.20.129
641,Anton,Meaders,ameadershs@nsw.gov.au,Male,99.74.0.214
642,Cleavland,Langhor,clanghorht@japanpost.jp,Genderqueer,142.163.161.162
643,Malia,Glascott,mglascotthu@ehow.com,Female,76.235.81.20
644,Pepito,Daynter,pdaynterhv@abc.net.au,Polygender,27.204.185.112
645,Currie,Friedman,cfriedmanhw@hc360.com,Male,57.45.1.84
646,Johnna,Ezzy,jezzyhx@bing.com,Female,226.206.170.138
647,Keene,Nuttall,knuttallhy@tmall.com,Male,177.174.92.62
648,Gracia,Rasmus,grasmushz@technorati.com,Female,155.30.73.92
649,Shanan,Hawkswood,shawkswoodi0@google.fr,Male,248.181.128.128
650,Alexina,Lusgdin,alusgdini1@indiatimes.com,Female,194.191.198.57
651,Thorvald,Jahnisch,tjahnischi2@yahoo.co.jp,Male,186.255.130.151
652,Bart,Lambourne,blambournei3@cbsnews.com,Non-binary,166.88.159.182
653,Angel,Hawick,ahawicki4@bloglovin.com,Male,216.106.89.50
654,Em,Gare,egarei5@wikispaces.com,Male,192.65.225.40
655,Gene,Buttler,gbuttleri6@infoseek.co.jp,Male,31.28.159.231
656,Brigida,Prangnell,bprangnelli7@canalblog.com,Female,162.252.183.158
657,Orland,Franceschi,ofranceschii8@businessinsider.com,Male,181.101.122.96
658,Zach,Stripp,zstrippi9@blogs.com,Male,93.117.241.61
659,Judie,Plaide,jplaideia@huffingtonpost.com,Female,252.242.206.28
660,Ty,Keaton,tkeatonib@independent.co.uk,Male,131.157.39.222
661,Berton,Plews,bplewsic@imdb.com,Male,11.247.209.186
662,Betti,Ateridge,bateridgeid@dmoz.org,Female,16.43.18.91
663,Meredeth,Leblanc,mleblancie@examiner.com,Male,73.30.22.63
664,Ariel,O'Bradden,aobraddenif@etsy.com,Male,20.172.186.144
665,Liz,Mixture,lmixtureig@blogger.com,Female,135.57.150.208
666,Irv,Pundy,ipundyih@nifty.com,Male,200.193.254.145
667,Nowell,Hankey,nhankeyii@forbes.com,Male,210.227.86.138
668,Belia,Berrey,bberreyij@multiply.com,Non-binary,188.108.212.244
669,Gisele,Gellion,ggellionik@pen.io,Female,179.100.201.228
670,Quintana,Tooting,qtootingil@samsung.com,Female,73.155.76.170
671,Danna,Raddish,draddishim@google.com.br,Female,181.116.112.155
672,Merry,McGillivray,mmcgillivrayin@meetup.com,Female,59.254.34.72
673,Giana,Sharland,gsharlandio@rediff.com,Female,87.178.248.171
674,Dolph,Dryden,ddrydenip@t.co,Male,52.236.119.153
675,Darn,Ellwand,dellwandiq@chron.com,Male,224.210.5.199
676,Angelika,Biasio,abiasioir@oaic.gov.au,Female,172.181.25.93
677,Sol,McCuffie,smccuffieis@bravesites.com,Male,124.74.59.43
678,Evanne,Wallworth,ewallworthit@tinypic.com,Female,193.59.212.101
679,Craggy,Mereweather,cmereweatheriu@domainmarket.com,Male,150.11.168.2
680,Luca,Yankeev,lyankeeviv@tinyurl.com,Male,30.200.249.105
681,Gay,McCarl,gmccarliw@zimbio.com,Genderfluid,104.91.165.79
682,Kennie,Triggle,ktriggleix@gmpg.org,Male,95.147.78.38
683,Fredrick,Stillert,fstillertiy@so-net.ne.jp,Male,185.68.111.102
684,Curr,Askwith,caskwithiz@google.com,Genderqueer,184.97.92.10
685,Hunt,Thewys,hthewysj0@mapy.cz,Male,31.170.48.193
686,Abran,Pycock,apycockj1@ustream.tv,Male,48.219.93.215
687,Beret,Sinclair,bsinclairj2@youku.com,Female,241.13.114.79
688,Dael,Lehon,dlehonj3@ucoz.com,Male,117.121.220.107
689,Clyve,Gentner,cgentnerj4@fastcompany.com,Male,215.122.159.246
690,Minetta,Zannini,mzanninij5@blog.com,Female,135.150.1.22
691,Kacie,Shipcott,kshipcottj6@reference.com,Female,177.84.153.241
692,Grant,Harlett,gharlettj7@kickstarter.com,Male,20.199.245.199
693,Nanete,Castagne,ncastagnej8@webeden.co.uk,Female,246.50.201.162
694,Chaunce,Pidgley,cpidgleyj9@businessinsider.com,Genderfluid,44.44.14.112
695,Ruperto,Tomes,rtomesja@mediafire.com,Male,222.187.254.212
696,Cullie,Biasotti,cbiasottijb@delicious.com,Male,168.82.163.28
697,Carmita,Ferres,cferresjc@redcross.org,Female,79.251.198.233
698,Dewey,Joplin,djoplinjd@aboutads.info,Male,242.27.26.156
699,Gaby,Milsom,gmilsomje@kickstarter.com,Female,227.125.114.91
700,Briney,Brosetti,bbrosettijf@live.com,Female,149.221.49.53
701,Tod,Hayer,thayerjg@wikispaces.com,Male,177.189.181.45
702,Bertie,Millsom,bmillsomjh@shareasale.com,Female,164.15.103.62
703,Clarke,Genery,cgeneryji@shutterfly.com,Male,175.22.8.110
704,Carson,Matiashvili,cmatiashvilijj@dot.gov,Male,92.168.54.146
705,Brod,Basford,bbasfordjk@msn.com,Male,193.134.128.30
706,Olvan,Peart,opeartjl@fastcompany.com,Male,51.156.45.159
707,Reggie,Hartzogs,rhartzogsjm@dell.com,Female,10.22.221.242
708,Jacintha,Tappington,jtappingtonjn@chronoengine.com,Female,155.171.54.37
709,Millie,Hartmann,mhartmannjo@google.nl,Female,160.21.18.156
710,Demetri,Sallier,dsallierjp@mashable.com,Agender,181.120.175.68
711,Ethelbert,Longmuir,elongmuirjq@auda.org.au,Male,61.36.192.143
712,Jonie,Wales,jwalesjr@newsvine.com,Female,44.184.217.214
713,Erminia,Criple,ecriplejs@walmart.com,Female,198.39.243.151
714,Tyler,Avrasin,tavrasinjt@google.es,Male,82.69.182.223
715,Flynn,Lindeberg,flindebergju@youtube.com,Male,66.125.55.161
716,Kale,Carlyon,kcarlyonjv@hugedomains.com,Male,158.175.186.5
717,Joeann,Povall,jpovalljw@studiopress.com,Female,195.219.178.1
718,Roby,Mabee,rmabeejx@hhs.gov,Female,192.66.216.179
719,Joshuah,Stoker,jstokerjy@creativecommons.org,Male,90.247.45.216
720,Nicko,Feely,nfeelyjz@columbia.edu,Male,137.240.200.83
721,Daveta,Golson,dgolsonk0@dyndns.org,Female,52.223.120.190
722,Dagny,Domoni,ddomonik1@last.fm,Genderqueer,48.68.209.246
723,Perl,Snape,psnapek2@stumbleupon.com,Female,241.96.60.132
724,Darwin,Morgan,dmorgank3@state.tx.us,Polygender,248.218.233.99
725,Colette,Rowbottom,crowbottomk4@salon.com,Female,136.7.54.103
726,Itch,Ambrogio,iambrogiok5@pen.io,Male,72.24.25.24
727,Trevor,Tootin,ttootink6@discovery.com,Male,161.188.237.193
728,Abran,Hallworth,ahallworthk7@cafepress.com,Male,78.71.185.220
729,Franky,Peirazzi,fpeirazzik8@seesaa.net,Genderfluid,165.237.93.192
730,Guenevere,Fowler,gfowlerk9@wiley.com,Female,189.197.167.227
731,Tobe,O'Flaverty,toflavertyka@nydailynews.com,Male,25.78.101.172
732,Barrie,Aartsen,baartsenkb@sciencedaily.com,Male,234.134.2.143
733,Margaret,Walters,mwalterskc@blogtalkradio.com,Female,32.22.32.172
734,Merrielle,Greser,mgreserkd@toplist.cz,Polygender,159.210.161.35
735,Tatiana,Vernazza,tvernazzake@angelfire.com,Female,63.233.197.130
736,Belicia,Krink,bkrinkkf@liveinternet.ru,Female,239.192.153.19
737,Burnaby,Fawdry,bfawdrykg@wp.com,Bigender,178.87.209.153
738,Caty,Whittick,cwhittickkh@netscape.com,Female,0.232.151.156
739,Grace,Tungate,gtungateki@pagesperso-orange.fr,Male,223.64.79.250
740,Allsun,Lukasen,alukasenkj@devhub.com,Female,28.235.86.11
741,Haskel,Writtle,hwrittlekk@nature.com,Male,180.242.202.237
742,Freddie,Jephson,fjephsonkl@go.com,Male,162.58.16.170
743,Prinz,Mellenby,pmellenbykm@chron.com,Male,22.62.215.62
744,Kory,Ellse,kellsekn@surveymonkey.com,Male,250.109.247.252
745,Elora,Chong,echongko@wikia.com,Female,94.48.50.31
746,Jeri,Wall,jwallkp@bravesites.com,Female,12.147.56.168
747,Corry,Stidston,cstidstonkq@google.nl,Female,18.187.222.167
748,Barbie,Eagers,beagerskr@umich.edu,Female,171.170.110.32
749,Vaclav,Huntington,vhuntingtonks@blogspot.com,Bigender,243.199.141.89
750,Darline,Hughland,dhughlandkt@walmart.com,Female,150.209.200.18
751,Jeremy,Keningley,jkeningleyku@instagram.com,Male,111.54.205.139
752,Min,Wilding,mwildingkv@live.com,Female,129.6.219.58
753,Erl,Sopper,esopperkw@ameblo.jp,Male,88.243.40.140
754,Sigismond,Sivess,ssivesskx@huffingtonpost.com,Male,108.10.124.93
755,Lemuel,Dax,ldaxky@wikia.com,Male,171.225.253.96
756,Jacquelin,McManus,jmcmanuskz@multiply.com,Female,217.211.17.220
757,Carina,Dudman,cdudmanl0@disqus.com,Female,209.85.218.165
758,Sonya,Mackstead,smacksteadl1@washington.edu,Female,192.69.119.120
759,Joletta,Trusdale,jtrusdalel2@rediff.com,Female,58.8.136.202
760,Fran,Capeloff,fcapeloffl3@dion.ne.jp,Female,80.51.58.108
761,Thomasin,Ertel,tertell4@smugmug.com,Female,87.33.221.229
762,Pauly,Dowall,pdowalll5@cnet.com,Male,173.12.217.5
763,Rivkah,Genner,rgennerl6@51.la,Female,113.87.7.161
764,Morey,Ogers,mogersl7@ning.com,Male,96.11.145.81
765,Nathanil,Flemmich,nflemmichl8@toplist.cz,Male,45.233.141.145
766,Benedick,Chisnall,bchisnalll9@joomla.org,Male,156.34.154.40
767,Norina,Leversha,nlevershala@ox.ac.uk,Female,201.157.86.81
768,Tremaine,Petchey,tpetcheylb@eepurl.com,Male,192.71.231.138
769,Della,Manz,dmanzlc@independent.co.uk,Genderfluid,121.172.228.218
770,Nataniel,Tasch,ntaschld@amazon.co.jp,Male,160.100.86.228
771,Elicia,Deare,edearele@usatoday.com,Female,223.231.174.229
772,Murielle,Caudray,mcaudraylf@tinyurl.com,Female,135.144.188.16
773,Morly,Howland,mhowlandlg@timesonline.co.uk,Male,33.176.160.208
774,Wileen,Criag,wcriaglh@zimbio.com,Female,142.140.47.31
775,Jeanette,Woolway,jwoolwayli@nps.gov,Female,156.228.140.195
776,Reece,Peace,rpeacelj@discuz.net,Male,25.98.66.53
777,Flora,Stanlick,fstanlicklk@ustream.tv,Female,245.174.121.73
778,Anthony,Northfield,anorthfieldll@wordpress.com,Male,147.243.110.250
779,Debbie,Heinssen,dheinssenlm@ovh.net,Female,232.116.0.209
780,Cathleen,Pridding,cpriddingln@usda.gov,Female,137.128.41.243
781,Marty,Melmoth,mmelmothlo@ustream.tv,Male,59.35.19.18
782,Calida,Eglese,cegleselp@nhs.uk,Female,167.5.67.25
783,Tamarah,Greenfield,tgreenfieldlq@ifeng.com,Female,138.206.230.30
784,Remy,Hubbart,rhubbartlr@youtube.com,Female,0.75.36.223
785,Darya,Rissom,drissomls@gmpg.org,Female,38.80.178.106
786,Iggie,Clulee,icluleelt@aboutads.info,Male,202.217.45.85
787,Inglebert,Ingreda,iingredalu@yellowpages.com,Male,116.66.90.129
788,Artemis,Raywood,araywoodlv@ocn.ne.jp,Male,114.141.254.28
789,Baily,Jovis,bjovislw@lulu.com,Male,175.197.93.10
790,Waylen,Delatour,wdelatourlx@rediff.com,Male,129.131.205.38
791,Winona,McLachlan,wmclachlanly@mozilla.com,Female,23.46.77.50
792,Roland,Radford,rradfordlz@gov.uk,Male,84.232.213.206
793,Kalle,Libbey,klibbeym0@moonfruit.com,Male,155.110.105.9
794,Hilliard,Gonneau,hgonneaum1@t-online.de,Male,139.77.251.143
795,Wit,Bugge,wbuggem2@thetimes.co.uk,Male,176.214.198.48
796,Ernst,Tremble,etremblem3@merriam-webster.com,Male,235.237.103.38
797,Jojo,Hawke,jhawkem4@google.nl,Female,16.148.96.14
798,Aylmer,Morfell,amorfellm5@fotki.com,Male,161.163.244.165
799,Imogen,Taunton,itauntonm6@goo.ne.jp,Female,46.5.69.138
800,Chic,Jarnell,cjarnellm7@blogger.com,Male,185.149.50.79
801,Eugen,Stit,estitm8@gov.uk,Male,141.176.41.68
802,Zea,McEnhill,zmcenhillm9@ocn.ne.jp,Female,13.51.202.189
803,Friedrick,Olivas,folivasma@edublogs.org,Male,89.81.254.235
804,Collen,Orfeur,corfeurmb@virginia.edu,Polygender,35.210.223.223
805,Dodie,Craney,dcraneymc@edublogs.org,Female,113.206.1.188
806,Inglis,Keelin,ikeelinmd@google.de,Male,235.150.206.9
807,Barbey,Crafter,bcrafterme@chronoengine.com,Female,186.137.38.200
808,Lucian,Dillingstone,ldillingstonemf@myspace.com,Male,164.37.82.162
809,Amabelle,Blessed,ablessedmg@fc2.com,Female,65.27.120.96
810,Donella,De Mars,ddemarsmh@shinystat.com,Female,147.125.191.163
811,Leonardo,Cogar,lcogarmi@themeforest.net,Genderqueer,133.85.55.191
812,Deeann,Tregoning,dtregoningmj@pinterest.com,Female,162.185.204.80
813,Moshe,Biesty,mbiestymk@woothemes.com,Male,163.129.57.104
814,Corby,Grigorio,cgrigorioml@ebay.co.uk,Male,60.66.109.112
815,Alain,Pringley,apringleymm@nasa.gov,Male,96.255.146.197
816,Algernon,Turk,aturkmn@hostgator.com,Male,51.61.116.37
817,Warren,Burbudge,wburbudgemo@bizjournals.com,Male,111.252.63.197
818,Lynna,Leiden,lleidenmp@opera.com,Female,225.123.42.25
819,Spencer,Tordiffe,stordiffemq@bloglovin.com,Male,173.232.230.154
820,Reiko,Hollier,rholliermr@netlog.com,Female,71.3.249.227
821,Patricio,Callander,pcallanderms@tinyurl.com,Male,84.20.5.230
822,Dominik,Clemmens,dclemmensmt@nasa.gov,Male,135.139.10.114
823,Abbe,Please,apleasemu@imdb.com,Female,105.202.220.205
824,Trudey,Revelle,trevellemv@usnews.com,Female,214.128.20.126
825,Karry,Jakobsson,kjakobssonmw@youtube.com,Female,89.55.61.240
826,Adham,Matis,amatismx@flickr.com,Male,99.254.179.229
827,Dylan,De Cleen,ddecleenmy@uol.com.br,Male,216.199.173.64
828,Elvin,Barwood,ebarwoodmz@tamu.edu,Male,212.123.51.153
829,Garald,Turnbull,gturnbulln0@webeden.co.uk,Male,27.172.63.116
830,Ferne,Spottswood,fspottswoodn1@apache.org,Female,181.238.111.226
831,Liuka,Cobbold,lcobboldn2@accuweather.com,Female,221.78.228.76
832,Shannon,Inderwick,sinderwickn3@istockphoto.com,Female,253.118.40.146
833,Linet,Fairbairn,lfairbairnn4@chron.com,Female,211.63.149.167
834,Durant,Trazzi,dtrazzin5@rakuten.co.jp,Male,205.185.26.136
835,Lucretia,Hollebon,lhollebonn6@google.co.jp,Female,219.6.56.155
836,Mychal,Rainer,mrainern7@mediafire.com,Bigender,39.207.114.59
837,Hy,Lutas,hlutasn8@smh.com.au,Male,224.157.86.129
838,Eugenia,Massy,emassyn9@si.edu,Female,61.57.36.254
839,Kayla,Dei,kdeina@facebook.com,Female,145.145.44.50
840,Chas,Blakebrough,cblakebroughnb@oakley.com,Male,87.22.160.124
841,Irwinn,Brugsma,ibrugsmanc@gizmodo.com,Male,225.100.227.171
842,Wynn,De Cristoforo,wdecristoforond@technorati.com,Genderfluid,171.106.68.252
843,Rustin,Orridge,rorridgene@discuz.net,Male,187.25.192.87
844,Tynan,Wailes,twailesnf@php.net,Male,57.253.179.138
845,Boigie,Morant,bmorantng@51.la,Male,6.75.68.177
846,Reese,Shercliff,rshercliffnh@netlog.com,Male,86.44.115.214
847,Drusy,Dacks,ddacksni@seesaa.net,Female,113.39.29.227
848,Danita,Speakman,dspeakmannj@ovh.net,Female,163.213.118.98
849,Geordie,Dimanche,gdimanchenk@state.tx.us,Male,102.254.11.202
850,Alley,Warlton,awarltonnl@unesco.org,Male,235.224.251.133
851,Casie,Slarke,cslarkenm@state.tx.us,Female,137.171.235.152
852,Aimil,Bithany,abithanynn@craigslist.org,Female,209.58.56.1
853,Lesly,Gresswell,lgresswellno@sourceforge.net,Female,220.37.196.239
854,Timofei,Jelk,tjelknp@admin.ch,Male,32.220.161.123
855,Syd,Casswell,scasswellnq@youtu.be,Male,253.233.185.120
856,Arabelle,Curme,acurmenr@delicious.com,Polygender,103.180.235.63
857,Fionnula,Braunthal,fbraunthalns@storify.com,Female,118.44.41.115
858,Hortense,Attewill,hattewillnt@php.net,Female,72.48.169.176
859,Elle,Creebo,ecreebonu@google.pl,Female,219.125.53.143
860,Stirling,Piechnik,spiechniknv@pagesperso-orange.fr,Male,112.109.120.94
861,Gearalt,Clewes,gclewesnw@ucoz.ru,Male,27.203.226.160
862,Mirelle,Jentgens,mjentgensnx@goo.gl,Female,217.192.59.190
863,Sibbie,Beeby,sbeebyny@linkedin.com,Female,113.173.87.56
864,Elga,Samsworth,esamsworthnz@instagram.com,Agender,91.225.39.56
865,Franzen,Piggford,fpiggfordo0@oracle.com,Male,72.15.48.178
866,Vin,Thurstance,vthurstanceo1@ask.com,Male,27.180.178.21
867,Olvan,Chatelot,ochateloto2@bloomberg.com,Male,47.164.6.207
868,Rickey,Fermoy,rfermoyo3@mit.edu,Male,183.180.219.126
869,Kiley,Murt,kmurto4@linkedin.com,Female,60.63.2.135
870,Joycelin,Moxom,jmoxomo5@google.it,Female,146.4.201.80
871,Arabel,Slorance,asloranceo6@umich.edu,Female,203.157.161.125
872,Leigh,Elcoate,lelcoateo7@plala.or.jp,Male,165.117.199.133
873,Guillemette,Matchett,gmatchetto8@japanpost.jp,Female,246.228.50.187
874,Julee,Reeve,jreeveo9@ovh.net,Female,52.60.207.61
875,Francesca,Rubert,frubertoa@xinhuanet.com,Female,50.88.195.9
876,Harli,Verrico,hverricoob@wikia.com,Female,218.242.199.4
877,Murray,Hillborne,mhillborneoc@eepurl.com,Male,120.237.80.83
878,Morganne,Faithorn,mfaithornod@mapy.cz,Female,25.74.20.252
879,Michelle,Neeve,mneeveoe@tmall.com,Female,220.75.28.218
880,Camellia,McNay,cmcnayof@imageshack.us,Non-binary,111.237.113.131
881,Deanna,Kinchin,dkinchinog@jalbum.net,Female,190.154.193.72
882,Andrey,Antonignetti,aantonignettioh@4shared.com,Male,25.186.72.131
883,Mame,Godber,mgodberoi@dion.ne.jp,Female,77.62.104.244
884,Trudey,Moogan,tmooganoj@redcross.org,Female,2.224.78.13
885,Evaleen,Stevani,estevaniok@purevolume.com,Agender,30.60.178.155
886,Kayley,Anselm,kanselmol@spotify.com,Female,169.159.243.152
887,Martino,Rottcher,mrottcherom@homestead.com,Male,8.109.217.224
888,Irma,McConachie,imcconachieon@barnesandnoble.com,Female,77.2.181.220
889,Killie,Pascoe,kpascoeoo@rakuten.co.jp,Male,183.40.109.252
890,Hershel,Von Salzberg,hvonsalzbergop@nature.com,Male,164.84.174.74
891,Bessie,Huckleby,bhucklebyoq@foxnews.com,Female,18.101.24.139
892,Lorita,Pheasey,lpheaseyor@fotki.com,Female,5.61.163.77
893,Paule,Di Meo,pdimeoos@twitpic.com,Female,93.50.70.215
894,Reuben,Etherson,rethersonot@wikipedia.org,Male,105.46.56.82
895,Michael,Oxbe,moxbeou@wired.com,Male,133.131.157.144
896,Paola,Hasell,phasellov@google.cn,Non-binary,4.124.138.75
897,Durant,Broseman,dbrosemanow@virginia.edu,Male,4.115.107.119
898,Vanya,Carlick,vcarlickox@linkedin.com,Male,172.83.94.119
899,Jaclin,Yglesia,jyglesiaoy@miitbeian.gov.cn,Female,98.217.131.213
900,Terrance,Gilardoni,tgilardonioz@bloglines.com,Male,250.6.2.147
901,Ernst,Vaissiere,evaissierep0@pbs.org,Male,80.66.124.78
902,Ilaire,Glennard,iglennardp1@cyberchimps.com,Male,80.32.109.138
903,Wolfie,Musson,wmussonp2@psu.edu,Male,172.217.17.192
904,Valentine,Bowling,vbowlingp3@imgur.com,Genderqueer,17.3.32.239
905,Trixie,Pill,tpillp4@istockphoto.com,Female,238.54.174.201
906,Aimee,Claydon,aclaydonp5@dell.com,Female,132.176.134.91
907,Celestyn,Dyneley,cdyneleyp6@yolasite.com,Female,254.28.208.117
908,Kenneth,McGing,kmcgingp7@parallels.com,Male,171.164.125.141
909,Brandy,Menault,bmenaultp8@clickbank.net,Female,189.197.156.185
910,Terza,Rawcliffe,trawcliffep9@parallels.com,Female,146.198.246.178
911,Cullen,Bartolomeoni,cbartolomeonipa@xrea.com,Male,215.147.121.86
912,Lucille,Sackur,lsackurpb@indiatimes.com,Female,250.112.16.74
913,Dana,Frye,dfryepc@linkedin.com,Genderfluid,173.190.153.208
914,Grayce,Carmo,gcarmopd@pcworld.com,Non-binary,161.108.19.8
915,Barbe,Pardon,bpardonpe@uiuc.edu,Female,254.91.30.219
916,Lacey,Earles,learlespf@tiny.cc,Female,237.43.52.15
917,Ella,Guslon,eguslonpg@reuters.com,Female,225.95.240.71
918,Moss,Witherup,mwitherupph@github.com,Male,60.156.219.61
919,Anallise,Leadbitter,aleadbitterpi@icq.com,Female,125.141.209.237
920,Gwenora,Amberson,gambersonpj@eepurl.com,Female,119.175.69.227
921,Samson,Thunders,sthunderspk@bandcamp.com,Male,149.244.179.250
922,Vernice,Praten,vpratenpl@businessinsider.com,Female,97.217.62.127
923,Tobiah,Stihl,tstihlpm@biglobe.ne.jp,Male,70.18.14.124
924,Nedda,Ulyat,nulyatpn@cyberchimps.com,Female,213.68.91.70
925,Josey,Ovise,jovisepo@berkeley.edu,Bigender,37.105.9.186
926,Dorey,Goodale,dgoodalepp@technorati.com,Male,253.189.178.22
927,Melvyn,Ciccottini,mciccottinipq@drupal.org,Male,121.130.222.230
928,Ivor,Inchcomb,iinchcombpr@bigcartel.com,Male,203.151.228.179
929,Elden,Rushbrook,erushbrookps@surveymonkey.com,Male,103.98.174.159
930,Fax,Margeram,fmargerampt@etsy.com,Male,39.216.250.142
931,Sampson,Berrisford,sberrisfordpu@cnbc.com,Male,191.40.202.81
932,Lilla,Belvin,lbelvinpv@yelp.com,Female,241.173.77.223
933,Norby,Gertray,ngertraypw@guardian.co.uk,Male,73.22.101.115
934,Christean,Dugget,cduggetpx@baidu.com,Female,180.228.234.163
935,Ignatius,Samuel,isamuelpy@apple.com,Male,184.132.61.3
936,Rogers,Willingam,rwillingampz@soup.io,Agender,208.164.136.2
937,Carlina,Fleckness,cflecknessq0@miitbeian.gov.cn,Female,19.89.171.102
938,Amelia,Mushawe,amushaweq1@kickstarter.com,Female,44.14.122.68
939,Malorie,Snelman,msnelmanq2@taobao.com,Female,95.41.46.230
940,Aksel,Chasier,achasierq3@meetup.com,Male,218.197.240.219
941,Odelle,Oates,ooatesq4@rambler.ru,Female,234.178.40.163
942,Lucilia,Wollrauch,lwollrauchq5@tinypic.com,Female,83.130.192.138
943,Wittie,Ovett,wovettq6@weather.com,Male,69.237.239.73
944,Merci,Millett,mmillettq7@sphinn.com,Female,84.240.67.74
945,Gussy,Treher,gtreherq8@printfriendly.com,Female,163.23.150.134
946,Oralia,Verrall,overrallq9@ucla.edu,Female,172.202.112.166
947,Tim,Rudram,trudramqa@google.cn,Female,128.219.174.99
948,Batsheva,Habergham,bhaberghamqb@taobao.com,Female,88.243.221.22
949,Aguie,Teasell,ateasellqc@joomla.org,Male,47.103.133.100
950,Bron,Farquar,bfarquarqd@unblog.fr,Male,137.144.11.240
951,Babita,Marusik,bmarusikqe@vkontakte.ru,Female,144.125.32.56
952,Kellyann,Faux,kfauxqf@marriott.com,Female,4.175.100.150
953,Cordy,Snowball,csnowballqg@exblog.jp,Female,231.45.63.114
954,Clark,Grenfell,cgrenfellqh@wikimedia.org,Male,230.179.0.101
955,Mayne,Winfindine,mwinfindineqi@ca.gov,Male,72.36.178.245
956,Lilias,Kopf,lkopfqj@sogou.com,Agender,34.36.205.74
957,Shoshana,Scutts,sscuttsqk@marriott.com,Female,12.76.39.89
958,Johny,Dickon,jdickonql@shareasale.com,Male,203.254.231.215
959,Pennie,Huggon,phuggonqm@seesaa.net,Male,44.34.49.5
960,Ody,Roubottom,oroubottomqn@usnews.com,Male,228.69.101.89
961,Clint,Tropman,ctropmanqo@xrea.com,Male,176.128.149.219
962,Ulrike,Apark,uaparkqp@cloudflare.com,Female,218.170.122.2
963,Cornie,Matisse,cmatisseqq@wunderground.com,Polygender,33.104.208.251
964,Pate,Slesser,pslesserqr@paginegialle.it,Male,212.84.42.254
965,Brynna,Smooth,bsmoothqs@zdnet.com,Female,216.241.63.238
966,Enrica,Lugsdin,elugsdinqt@uiuc.edu,Female,233.89.137.215
967,Barron,Miskimmon,bmiskimmonqu@privacy.gov.au,Male,181.162.182.114
968,Brandtr,Maudling,bmaudlingqv@vinaora.com,Male,46.18.19.21
969,Octavius,Hairs,ohairsqw@imdb.com,Male,181.115.32.117
970,Andris,Slesser,aslesserqx@apache.org,Male,255.39.70.7
971,Adelaida,Bowers,abowersqy@umn.edu,Female,195.153.214.66
972,Dame,Stanwix,dstanwixqz@networksolutions.com,Male,41.89.183.168
973,Bary,Tulloch,btullochr0@jalbum.net,Male,135.185.156.52
974,Yoshiko,Mehmet,ymehmetr1@berkeley.edu,Genderqueer,172.121.106.208
975,Nate,Cullington,ncullingtonr2@nsw.gov.au,Male,204.159.252.216
976,Shaine,Whines,swhinesr3@sakura.ne.jp,Polygender,120.145.15.133
977,Cooper,Gubbin,cgubbinr4@histats.com,Male,28.56.159.68
978,Sarah,Aslam,saslamr5@dion.ne.jp,Female,34.114.48.30
979,Patin,Linton,plintonr6@icq.com,Male,181.140.37.171
980,Cathyleen,Cullivan,ccullivanr7@illinois.edu,Female,16.149.176.0
981,Kendrick,Lammie,klammier8@chronoengine.com,Male,2.98.154.57
982,Abel,Rigney,arigneyr9@cornell.edu,Male,33.110.81.14
983,Pavel,Rattenberie,prattenberiera@apache.org,Male,49.138.184.58
984,Cicily,Borthram,cborthramrb@wikipedia.org,Female,186.87.119.3
985,Ysabel,Dionisio,ydionisiorc@mediafire.com,Female,136.80.211.2
986,Florri,Behling,fbehlingrd@digg.com,Female,148.112.130.34
987,Glyn,Davidovits,gdavidovitsre@bravesites.com,Female,137.125.21.135
988,Ardyth,Seagar,aseagarrf@arizona.edu,Female,216.2.160.125
989,Antony,Arkin,aarkinrg@who.int,Male,15.94.120.163
990,Saw,Northway,snorthwayrh@multiply.com,Male,188.112.85.119
991,Sayers,Gorries,sgorriesri@va.gov,Male,214.64.230.20
992,Geraldine,Bodle,gbodlerj@marriott.com,Female,43.103.255.60
993,Maridel,Sedger,msedgerrk@free.fr,Female,111.33.255.124
994,Delaney,Di Biasio,ddibiasiorl@sciencedirect.com,Male,246.51.222.230
995,Tye,Cadman,tcadmanrm@ycombinator.com,Male,229.36.104.218
996,Judie,Sayles,jsaylesrn@omniture.com,Female,51.70.105.85
997,Shermy,Hearthfield,shearthfieldro@bigcartel.com,Male,45.98.134.38
998,Teri,Outridge,toutridgerp@geocities.jp,Female,103.44.218.150
999,Michaelina,Ryce,mrycerq@scientificamerican.com,Female,232.55.222.93
1000,Karlen,Sauven,ksauvenrr@virginia.edu,Female,106.254.90.6
